Wall time,Step,Value
1673904232.27728,0,0.8328132629394531
1673905481.2664,1,0.8639243245124817
1673906771.202411,2,0.8781087398529053
1673908054.285674,3,0.8843498826026917
1673909343.127845,4,0.8856737613677979
1673910625.50446,5,0.8865247964859009
1673911916.013535,6,0.8856737613677979
1673913204.951568,7,0.8817967176437378
1673914494.56105,8,0.8852009177207947
1673915783.558119,9,0.8817021250724792
1673917074.117192,10,0.88482266664505
1673918363.18831,11,0.8815129995346069
1673919653.344215,12,0.8834042549133301
1673920944.341838,13,0.8855791687965393
1673922240.599104,14,0.8876595497131348
