Wall time,Step,Value
1673904232.218801,2646,0.8328132629394531
1673905481.208147,5292,0.8639243245124817
1673906771.152589,7938,0.8781087398529053
1673908054.235505,10584,0.8843498826026917
1673909343.060459,13230,0.8856737613677979
1673910625.453886,15876,0.8865247964859009
1673911915.962555,18522,0.8856737613677979
1673913204.900642,21168,0.8817967176437378
1673914494.510418,23814,0.8852009177207947
1673915783.507667,26460,0.8817021250724792
1673917074.058282,29106,0.88482266664505
1673918363.128388,31752,0.8815129995346069
1673919653.285343,34398,0.8834042549133301
1673920944.274781,37044,0.8855791687965393
1673922240.539435,39690,0.8876595497131348
