Wall time,Step,Value
1673885063.434816,2646,0.8520094752311707
1673886329.608577,5292,0.8710165619850159
1673887596.985765,7938,0.8844444155693054
1673888866.430321,10584,0.8909692764282227
1673890135.620458,13230,0.8832151293754578
1673891396.497237,15876,0.8834988474845886
1673892630.621969,18522,0.8906855583190918
1673893864.807937,21168,0.8851063847541809
1673895100.894836,23814,0.8904964327812195
1673896335.367591,26460,0.8856737613677979
1673897569.956488,29106,0.8866193890571594
1673898804.529133,31752,0.8810402154922485
1673900036.578878,34398,0.8923876881599426
1673901269.318679,37044,0.8868085145950317
1673902501.229442,39690,0.8882269263267517
