Wall time,Step,Value
1673957855.749335,2646,0.8361229300498962
1673959689.001284,5292,0.8623167872428894
1673961519.264365,7938,0.8754609823226929
1673963350.163253,10584,0.8867139220237732
1673965180.200252,13230,0.8900236487388611
1673967001.594814,15876,0.8923876881599426
1673968829.506365,18522,0.8925768136978149
1673970655.504496,21168,0.8960756659507751
1673972485.933009,23814,0.895602822303772
1673974315.006366,26460,0.8949409127235413
1673976141.673422,29106,0.8933333158493042
1673977967.225841,31752,0.8939006924629211
1673979791.292455,34398,0.8942789435386658
1673981621.432522,37044,0.8917257785797119
1673983448.716337,39690,0.8965484499931335
