Wall time,Step,Value
1673885063.511127,0,0.8520094752311707
1673886329.684875,1,0.8710165619850159
1673887597.059137,2,0.8844444155693054
1673888866.503332,3,0.8909692764282227
1673890135.682057,4,0.8832151293754578
1673891396.550254,5,0.8834988474845886
1673892630.6745,6,0.8906855583190918
1673893864.87742,7,0.8851063847541809
1673895100.964615,8,0.8904964327812195
1673896335.436766,9,0.8856737613677979
1673897570.008606,10,0.8866193890571594
1673898804.595145,11,0.8810402154922485
1673900036.632245,12,0.8923876881599426
1673901269.376248,13,0.8868085145950317
1673902501.286384,14,0.8882269263267517
